Município;Rede geral de esgoto ou pluvial - não discriminado;Fossa séptica - não discriminada;Fossa rudimentar - não discriminada;Vala - não discriminada;Rio, lago ou mar;Outro escoadouro - não discriminado;Não tem instalação sanitária;Total
310010 ABADIA DOS DOURADOS;1320;94;770;15;68;28;19;2314
310020 ABAETE;6087;436;1093;8;17;7;56;7704
310030 ABRE CAMPO;1928;51;168;95;1513;158;17;3930
310040 ACAIACA;767;34;113;3;340;1;3;1261
310050 ACUCENA;1189;180;251;75;1097;136;119;3047
310060 AGUA BOA;1463;729;982;76;361;98;455;4164
310070 AGUA COMPRIDA;516;73;95;22;1;-;2;709
310080 AGUANIL;864;34;398;1;51;2;3;1353
310090 AGUAS FORMOSAS;3667;158;619;192;200;82;367;5285
310100 AGUAS VERMELHAS;1033;253;1933;4;-;15;231;3469
310110 AIMORES;6194;452;624;458;343;131;36;8238
310120 AIURUOCA;711;225;414;69;574;14;30;2037
310130 ALAGOA;426;3;162;59;206;4;6;866
310140 ALBERTINA;623;12;213;6;42;-;2;898
310150 ALEM PARAIBA;8979;32;140;252;1725;32;23;11183
310160 ALFENAS;21598;420;1080;9;79;4;16;23206
310163 ALFREDO VASCONCELOS;1060;41;309;50;300;12;9;1781
310170 ALMENARA;8634;221;1111;159;328;119;976;11548
310180 ALPERCATA;1531;112;337;82;101;43;4;2210
310190 ALPINOPOLIS;4510;82;980;10;20;10;8;5620
310200 ALTEROSA;3271;115;1161;4;2;2;4;4559
310205 ALTO CAPARAO;1075;63;102;24;433;24;-;1721
310210 ALTO RIO DOCE;1355;32;842;97;1068;123;79;3596
310220 ALVARENGA;680;52;96;99;347;102;26;1402
310230 ALVINOPOLIS;3342;141;137;47;891;45;29;4632
310240 ALVORADA DE MINAS;282;64;418;15;34;26;127;966
310250 AMPARO DO SERRA;670;41;101;18;608;9;19;1466
310260 ANDRADAS;9401;373;1564;170;657;42;5;12212
310270 CACHOEIRA DE PAJEU;665;16;1458;43;100;36;233;2551
310280 ANDRELANDIA;3120;49;484;131;121;14;50;3969
310285 ANGELANDIA;888;15;1038;23;28;31;90;2113
310290 ANTONIO CARLOS;2154;94;485;77;613;27;15;3465
310300 ANTONIO DIAS;1424;75;280;77;854;137;27;2874
310310 ANTONIO PRADO DE MINAS;406;39;1;106;2;1;1;556
310320 ARACAI;358;5;352;3;-;-;1;719
310330 ARACITABA;459;6;2;2;218;13;-;700
310340 ARACUAI;2985;884;4738;149;35;106;1052;9949
310350 ARAGUARI;24252;5716;5361;34;10;36;40;35449
310360 ARANTINA;749;1;55;9;111;3;4;932
310370 ARAPONGA;717;38;660;72;742;76;66;2371
310375 ARAPORA;1691;5;89;1;4;3;2;1795
310380 ARAPUA;705;8;175;16;8;50;23;985
310390 ARAUJOS;2050;17;369;2;3;1;2;2444
310400 ARAXA;28060;269;721;69;120;31;17;29287
310410 ARCEBURGO;2457;83;292;5;28;3;5;2873
310420 ARCOS;10483;555;468;10;26;7;11;11560
310430 AREADO;3745;207;534;-;11;1;2;4500
310440 ARGIRITA;639;6;28;1;213;49;1;937
310445 ARICANDUVA;406;152;600;5;31;7;98;1299
310450 ARINOS;1056;316;3239;45;8;60;497;5221
310460 ASTOLFO DUTRA;1627;80;61;16;2308;9;9;4110
310470 ATALEIA;1836;390;1072;136;424;131;410;4399
310480 AUGUSTO DE LIMA;64;220;1128;5;10;39;28;1494
310490 BAEPENDI;4117;380;758;133;171;22;24;5605
310500 BALDIM;1345;60;966;6;105;35;22;2539
310510 BAMBUI;6655;315;970;17;1;12;32;8002
310520 BANDEIRA;750;2;322;135;113;39;156;1517
310530 BANDEIRA DO SUL;1450;45;52;3;151;5;-;1706
310540 BARAO DE COCAIS;6996;160;300;64;884;13;18;8435
310550 BARAO DE MONTE ALTO;1350;36;56;276;32;17;3;1770
310560 BARBACENA;34307;625;2164;303;1876;249;42;39566
310570 BARRA LONGA;1180;31;27;10;514;161;18;1941
310590 BARROSO;5332;32;350;11;321;6;12;6064
310600 BELA VISTA DE MINAS;2498;9;40;4;311;19;8;2889
310610 BELMIRO BRAGA;486;30;70;107;385;4;3;1085
310620 BELO HORIZONTE;732198;3726;4380;4362;13122;3794;493;762075
310630 BELO ORIENTE;4930;205;887;68;572;56;48;6766
310640 BELO VALE;917;325;1016;32;147;19;15;2471
310650 BERILO;942;66;1834;34;46;66;312;3300
310660 BERTOPOLIS;432;34;457;124;76;26;123;1272
310665 BERIZAL;191;13;963;7;-;4;72;1250
310670 BETIM;95255;1877;11834;646;2341;497;141;112591
310680 BIAS FORTES;447;5;41;31;573;71;39;1207
310690 BICAS;4274;12;80;49;180;1;1;4597
310700 BIQUINHAS;9;5;947;-;-;-;16;977
310710 BOA ESPERANCA;9675;679;1190;15;12;13;10;11594
310720 BOCAINA DE MINAS;587;212;542;99;306;29;12;1787
310730 BOCAIUVA;9594;685;2592;101;12;82;438;13504
310740 BOM DESPACHO;13140;254;1081;7;18;13;23;14536
310750 BOM JARDIM DE MINAS;1729;124;3;21;291;32;18;2218
310760 BOM JESUS DA PENHA;937;130;246;2;12;-;1;1328
310770 BOM JESUS DO AMPARO;882;42;450;8;132;64;3;1581
310780 BOM JESUS DO GALHO;2588;100;636;306;917;232;40;4819
310790 BOM REPOUSO;1828;7;518;207;590;69;25;3244
310800 BOM SUCESSO;4396;352;610;8;14;9;16;5405
310810 BONFIM;857;109;1293;11;140;15;16;2441
310820 BONFINOPOLIS DE MINAS;1164;79;482;5;7;13;104;1854
310825 BONITO DE MINAS;2;12;1134;5;3;38;1086;2280
310830 BORDA DA MATA;4435;256;264;25;506;9;2;5497
310840 BOTELHOS;3820;138;362;33;570;11;10;4944
310850 BOTUMIRIM;284;7;1018;27;1;4;397;1738
310855 BRASILANDIA DE MINAS;574;322;2999;10;12;55;89;4061
310860 BRASILIA DE MINAS;4210;352;2894;19;2;38;1003;8518
310870 BRAS PIRES;610;145;234;25;393;43;9;1459
310880 BRAUNAS;406;65;119;64;714;13;46;1427
310890 BRAZOPOLIS;2897;162;658;101;821;21;16;4676
310900 BRUMADINHO;5975;917;3114;91;418;31;24;10570
310910 BUENO BRANDAO;1898;225;894;225;343;21;19;3625
310920 BUENOPOLIS;954;27;1559;97;117;217;81;3052
310925 BUGRE;112;-;242;31;832;17;6;1240
310930 BURITIS;1103;684;4805;57;9;20;182;6860
310940 BURITIZEIRO;74;271;6788;19;12;44;251;7459
310945 CABECEIRA GRANDE;49;169;1875;5;-;16;20;2134
310950 CABO VERDE;2488;424;1006;57;149;56;11;4191
310960 CACHOEIRA DA PRATA;1038;34;12;2;29;1;-;1116
310970 CACHOEIRA DE MINAS;2207;331;528;8;327;19;9;3429
310980 CACHOEIRA DOURADA;685;6;88;-;1;1;-;781
310990 CAETANOPOLIS;2192;68;880;2;10;14;23;3189
311000 CAETE;9185;680;1155;72;723;36;26;11877
311010 CAIANA;840;59;161;329;134;49;2;1574
311020 CAJURI;825;84;63;1;223;-;3;1199
311030 CALDAS;2699;356;1261;135;231;21;24;4727
311040 CAMACHO;521;206;160;2;50;32;17;988
311050 CAMANDUCAIA;3934;634;1084;140;1028;24;62;6906
311060 CAMBUI;7285;415;916;72;300;3;28;9019
311070 CAMBUQUIRA;2820;346;634;126;56;19;4;4005
311080 CAMPANARIO;643;32;228;46;60;9;17;1035
311090 CAMPANHA;3749;94;561;3;283;25;16;4731
311100 CAMPESTRE;3769;209;1637;105;860;93;9;6682
311110 CAMPINA VERDE;4873;239;1362;9;20;28;13;6544
311115 CAMPO AZUL;4;150;604;4;1;12;245;1020
311120 CAMPO BELO;15905;303;680;87;112;32;47;17166
311130 CAMPO DO MEIO;3060;89;385;1;1;8;21;3565
311140 CAMPO FLORIDO;1545;18;522;34;11;13;23;2166
311150 CAMPOS ALTOS;3819;182;272;26;11;7;16;4333
311160 CAMPOS GERAIS;5894;441;2150;12;30;12;22;8561
311170 CANAA;579;16;210;3;627;7;3;1445
311180 CANAPOLIS;3275;23;361;6;9;7;7;3688
311190 CANA VERDE;1274;115;375;5;33;13;5;1820
311200 CANDEIAS;3358;331;1056;37;94;81;38;4995
311205 CANTAGALO;519;85;370;5;165;5;38;1187
311210 CAPARAO;486;211;196;146;507;37;4;1587
311220 CAPELA NOVA;521;3;650;3;264;3;4;1448
311230 CAPELINHA;5686;197;3358;138;108;42;306;9835
311240 CAPETINGA;1864;319;53;1;5;1;4;2247
311250 CAPIM BRANCO;477;169;1899;1;91;2;8;2647
311260 CAPINOPOLIS;4533;193;144;5;51;50;6;4982
311265 CAPITAO ANDRADE;1133;22;91;110;154;55;15;1580
311270 CAPITAO ENEAS;603;138;2705;12;1;7;193;3659
311280 CAPITOLIO;2063;297;362;8;3;1;3;2737
311290 CAPUTIRA;1347;27;192;109;829;131;12;2647
311300 CARAI;2000;210;1875;161;556;41;1014;5857
311310 CARANAIBA;322;50;262;79;164;25;7;909
311320 CARANDAI;4791;48;686;78;1126;79;48;6856
311330 CARANGOLA;7615;191;467;303;2221;128;11;10936
311340 CARATINGA;18478;669;1494;391;5301;265;61;26659
311350 CARBONITA;1884;63;828;34;69;25;77;2980
311360 CAREACU;1408;71;271;71;131;1;3;1956
311370 CARLOS CHAGAS;3824;216;1307;78;605;42;173;6245
311380 CARMESIA;383;112;37;5;178;7;25;747
311390 CARMO DA CACHOEIRA;2568;195;440;27;80;30;5;3345
311400 CARMO DA MATA;2765;40;554;22;117;8;9;3515
311410 CARMO DE MINAS;2761;238;272;41;560;29;2;3903
311420 CARMO DO CAJURU;4893;582;771;4;36;9;4;6299
311430 CARMO DO PARANAIBA;8129;601;725;189;31;64;59;9798
311440 CARMO DO RIO CLARO;4773;197;1459;29;82;11;6;6557
311450 CARMOPOLIS DE MINAS;3503;133;1191;4;128;7;12;4978
311455 CARNEIRINHO;2025;31;1156;7;2;16;16;3253
311460 CARRANCAS;731;177;169;5;120;5;3;1210
311470 CARVALHOPOLIS;799;6;272;-;6;1;1;1085
311480 CARVALHOS;682;41;181;74;495;32;13;1518
311490 CASA GRANDE;319;78;87;9;114;3;5;615
311500 CASCALHO RICO;388;7;622;4;1;10;9;1041
311510 CASSIA;4625;55;979;15;34;10;5;5723
311520 CONCEICAO DA BARRA DE MINAS;460;5;675;9;19;12;13;1193
311530 CATAGUASES;19630;167;232;229;2591;113;24;22986
311535 CATAS ALTAS;1207;57;135;6;15;3;4;1427
311540 CATAS ALTAS DA NORUEGA;373;38;182;65;215;16;20;909
311545 CATUJI;536;209;567;60;154;37;223;1786
311547 CATUTI;36;9;1343;1;-;-;97;1486
311550 CAXAMBU;6755;147;29;18;66;3;5;7023
311560 CEDRO DO ABAETE;120;3;301;15;-;2;4;445
311570 CENTRAL DE MINAS;1629;47;156;147;311;25;15;2330
311580 CENTRALINA;46;1219;1955;4;2;7;4;3237
311590 CHACARA;654;130;30;21;121;8;1;965
311600 CHALE;737;35;117;83;654;142;11;1779
311610 CHAPADA DO NORTE;653;137;2045;117;8;227;515;3702
311615 CHAPADA GAUCHA;28;491;1386;11;1;84;540;2541
311620 CHIADOR;542;56;6;177;95;3;3;882
311630 CIPOTANEA;763;8;549;16;369;78;38;1821
311640 CLARAVAL;685;7;654;2;71;9;5;1433
311650 CLARO DOS POCOES;560;113;1586;15;-;1;142;2417
311660 CLAUDIO;5990;882;463;26;203;37;9;7610
311670 COIMBRA;1228;70;158;35;837;8;2;2338
311680 COLUNA;1010;218;823;57;254;29;99;2490
311690 COMENDADOR GOMES;467;94;364;22;5;37;13;1002
311700 COMERCINHO;603;134;1290;15;20;12;322;2396
311710 CONCEICAO DA APARECIDA;1974;102;1040;12;38;1;4;3171
311720 CONCEICAO DAS PEDRAS;602;19;53;3;150;25;3;855
311730 CONCEICAO DAS ALAGOAS;5789;347;789;4;16;4;7;6956
311740 CONCEICAO DE IPANEMA;539;141;57;97;568;42;12;1456
311750 CONCEICAO DO MATO DENTRO;2322;57;1525;130;648;86;314;5082
311760 CONCEICAO DO PARA;830;6;718;10;63;12;8;1647
311770 CONCEICAO DO RIO VERDE;3353;187;203;52;101;36;11;3943
311780 CONCEICAO DOS OUROS;2322;114;466;5;269;8;4;3188
311783 CONEGO MARINHO;3;6;1446;11;3;24;331;1824
311787 CONFINS;25;18;1654;-;-;-;1;1698
311790 CONGONHAL;2499;203;507;10;147;18;-;3384
311800 CONGONHAS;10836;219;1146;247;1473;126;23;14070
311810 CONGONHAS DO NORTE;328;112;839;1;17;10;133;1440
311820 CONQUISTA;1716;64;279;2;8;14;-;2083
311830 CONSELHEIRO LAFAIETE;31247;514;1265;131;1807;133;34;35131
311840 CONSELHEIRO PENA;5516;227;1185;212;180;29;34;7383
311850 CONSOLACAO;303;3;75;67;108;1;3;560
311860 CONTAGEM;163755;7394;8127;1540;2965;953;105;184839
311870 COQUEIRAL;2010;18;817;3;10;6;3;2867
311880 CORACAO DE JESUS;1101;258;5095;99;9;163;949;7674
311890 CORDISBURGO;790;46;1735;14;7;19;79;2690
311900 CORDISLANDIA;825;29;169;20;17;1;-;1061
311910 CORINTO;4592;1566;973;16;6;17;109;7279
311920 COROACI;1297;306;792;56;418;25;97;2991
311930 COROMANDEL;6617;571;2244;16;2;13;107;9570
311940 CORONEL FABRICIANO;27661;171;448;99;2970;205;61;31615
311950 CORONEL MURTA;1105;97;916;37;77;26;274;2532
311960 CORONEL PACHECO;588;11;80;74;151;19;3;926
311970 CORONEL XAVIER CHAVES;510;159;225;10;84;6;3;997
311980 CORREGO DANTA;700;14;432;15;4;16;27;1208
311990 CORREGO DO BOM JESUS;575;9;425;1;280;-;4;1294
311995 CORREGO FUNDO;439;71;1253;9;12;5;7;1796
312000 CORREGO NOVO;622;36;152;51;110;19;7;997
312010 COUTO DE MAGALHAES DE MINAS;871;12;310;2;8;3;12;1218
312015 CRISOLITA;821;31;432;252;61;35;124;1756
312020 CRISTAIS;2860;89;693;24;16;17;23;3722
312030 CRISTALIA;299;327;550;4;-;9;291;1480
312040 CRISTIANO OTONI;977;9;186;14;223;4;2;1415
312050 CRISTINA;1671;25;31;111;1251;6;8;3103
312060 CRUCILANDIA;936;31;486;7;138;8;6;1612
312070 CRUZEIRO DA FORTALEZA;1069;83;81;4;2;2;1;1242
312080 CRUZILIA;4007;61;295;16;145;6;4;4534
312083 CUPARAQUE;1241;82;80;44;103;5;10;1565
312087 CURRAL DE DENTRO;785;9;1052;12;3;2;90;1953
312090 CURVELO;16235;2334;3768;60;8;43;237;22685
312100 DATAS;981;14;336;16;30;4;25;1406
312110 DELFIM MOREIRA;1179;175;108;151;782;16;9;2420
312120 DELFINOPOLIS;1555;199;446;4;7;3;1;2215
312125 DELTA;2052;250;71;1;6;-;2;2382
312130 DESCOBERTO;1241;100;41;26;179;2;-;1589
312140 DESTERRO DE ENTRE RIOS;1132;10;1031;46;84;10;21;2334
312150 DESTERRO DO MELO;369;3;53;122;384;17;8;956
312160 DIAMANTINA;9457;378;1621;280;630;109;350;12825
312170 DIOGO DE VASCONCELOS;347;133;13;15;627;32;12;1179
312180 DIONISIO;1890;28;272;34;387;30;7;2648
312190 DIVINESIA;484;15;96;3;444;1;-;1043
312200 DIVINO;3194;77;798;407;1366;179;15;6036
312210 DIVINO DAS LARANJEIRAS;1112;67;89;183;82;47;19;1599
312220 DIVINOLANDIA DE MINAS;1136;12;265;1;467;5;34;1920
312230 DIVINOPOLIS;58152;2146;5628;58;494;97;33;66608
312235 DIVISA ALEGRE;7;31;1578;-;-;4;27;1647
312240 DIVISA NOVA;1338;10;394;5;21;-;6;1774
312245 DIVISOPOLIS;229;8;2026;17;6;8;123;2417
312247 DOM BOSCO;327;199;638;11;-;23;46;1244
312250 DOM CAVATI;1290;39;35;71;262;3;1;1701
312260 DOM JOAQUIM;734;46;189;9;270;30;55;1333
312270 DOM SILVERIO;790;7;47;5;845;2;7;1703
312280 DOM VICOSO;589;23;40;53;252;9;5;971
312290 DONA EUSEBIA;1031;37;77;32;656;47;2;1882
312300 DORES DE CAMPOS;2452;19;261;5;230;5;12;2984
312310 DORES DE GUANHAES;415;83;137;52;544;198;54;1483
312320 DORES DO INDAIA;4321;92;497;30;5;9;10;4964
312330 DORES DO TURVO;473;8;157;37;658;22;11;1366
312340 DORESOPOLIS;388;46;56;-;1;1;2;494
312350 DOURADOQUARA;443;4;209;2;-;9;2;669
312352 DURANDE;762;71;141;82;1027;96;9;2188
312360 ELOI MENDES;6276;490;840;16;69;13;9;7713
312370 ENGENHEIRO CALDAS;2232;243;261;91;315;55;11;3208
312380 ENGENHEIRO NAVARRO;425;22;1530;2;-;-;66;2045
312385 ENTRE FOLHAS;916;16;170;38;494;9;4;1647
312390 ENTRE RIOS DE MINAS;2658;168;1269;46;92;15;15;4263
312400 ERVALIA;2923;115;61;38;2480;64;9;5690
312410 ESMERALDAS;3481;916;12442;375;189;44;76;17523
312420 ESPERA FELIZ;4008;185;1165;282;1545;201;8;7394
312430 ESPINOSA;58;138;7525;75;6;67;614;8483
312440 ESPIRITO SANTO DO DOURADO;729;13;427;114;141;15;11;1450
312450 ESTIVA;1759;84;1037;92;424;11;13;3420
312460 ESTRELA DALVA;560;34;10;130;81;7;4;826
312470 ESTRELA DO INDAIA;543;141;532;1;2;2;4;1225
312480 ESTRELA DO SUL;1604;186;502;9;106;13;12;2432
312490 EUGENOPOLIS;2482;158;383;283;235;25;11;3577
312500 EWBANK DA CAMARA;990;11;-;5;77;2;-;1085
312510 EXTREMA;6219;711;1854;32;201;16;13;9046
312520 FAMA;404;13;399;1;-;1;1;819
312530 FARIA LEMOS;714;23;110;47;216;8;2;1120
312540 FELICIO DOS SANTOS;2;6;1394;5;-;8;70;1485
312550 SAO GONCALO DO RIO PRETO;18;29;790;2;-;4;19;862
312560 FELISBURGO;1314;10;472;81;34;12;83;2006
312570 FELIXLANDIA;577;30;3750;11;3;22;97;4490
312580 FERNANDES TOURINHO;634;11;165;4;90;68;6;978
312590 FERROS;729;142;217;172;1853;135;106;3354
312595 FERVEDOURO;1267;10;239;259;1255;75;6;3111
312600 FLORESTAL;1552;37;362;8;70;4;1;2034
312610 FORMIGA;18373;681;1537;38;597;38;37;21301
312620 FORMOSO;5;256;1672;50;1;31;210;2225
312630 FORTALEZA DE MINAS;1002;16;320;13;11;-;6;1368
312640 FORTUNA DE MINAS;311;100;407;1;-;1;-;820
312650 FRANCISCO BADARO;166;222;1825;111;11;81;392;2808
312660 FRANCISCO DUMONT;134;112;1119;9;1;4;117;1496
312670 FRANCISCO SA;2875;331;2744;28;10;23;803;6814
312675 FRANCISCOPOLIS;706;33;606;23;26;101;168;1663
312680 FREI GASPAR;832;52;539;52;63;19;148;1705
312690 FREI INOCENCIO;1755;18;584;127;68;5;47;2604
312695 FREI LAGONEGRO;175;3;480;51;120;26;47;902
312700 FRONTEIRA;3995;392;151;4;24;3;4;4573
312705 FRONTEIRA DOS VALES;622;20;431;25;74;98;131;1401
312707 FRUTA DE LEITE;1;8;1100;17;2;9;450;1587
312710 FRUTAL;15370;437;2111;14;11;37;24;18004
312720 FUNILANDIA;357;79;701;3;2;1;6;1149
312730 GALILEIA;1624;72;326;97;104;28;8;2259
312733 GAMELEIRAS;2;10;1188;1;-;8;266;1475
312735 GLAUCILANDIA;195;11;618;7;-;-;22;853
312737 GOIABEIRA;694;16;116;101;101;16;8;1052
312738 GOIANA;930;54;124;30;70;-;1;1209
312740 GONCALVES;414;196;400;90;258;3;7;1368
312750 GONZAGA;727;15;314;25;402;8;33;1524
312760 GOUVEIA;2209;261;793;18;2;8;69;3360
312770 GOVERNADOR VALADARES;75307;787;2911;525;1677;178;318;81703
312780 GRAO MOGOL;885;483;1516;26;3;126;853;3892
312790 GRUPIARA;5;3;484;1;-;6;6;505
312800 GUANHAES;6632;262;485;55;1653;62;213;9362
312810 GUAPE;2696;394;1256;4;12;8;24;4394
312820 GUARACIABA;962;168;452;23;1107;201;23;2936
312825 GUARACIAMA;9;215;1163;5;-;7;39;1438
312830 GUARANESIA;5237;469;11;7;178;3;4;5909
312840 GUARANI;1829;165;72;129;414;42;3;2654
312850 GUARARA;1119;1;-;4;42;100;1;1267
312860 GUARDA-MOR;1081;43;878;8;4;3;65;2082
312870 GUAXUPE;14400;357;627;14;197;19;3;15617
312880 GUIDOVAL;1436;59;149;136;504;18;11;2313
312890 GUIMARANIA;1747;64;386;36;16;7;2;2258
312900 GUIRICEMA;1200;156;241;248;884;159;17;2905
312910 GURINHATA;982;18;1097;13;11;22;23;2166
312920 HELIODORA;1407;67;103;82;295;4;2;1960
312930 IAPU;1932;148;489;125;514;59;11;3278
312940 IBERTIOGA;984;104;218;22;177;5;16;1526
312950 IBIA;6232;208;949;56;106;26;31;7608
312960 IBIAI;12;29;1973;19;1;51;142;2227
312965 IBIRACATU;24;341;1108;15;-;26;144;1658
312970 IBIRACI;2632;409;547;7;38;2;8;3643
312980 IBIRITE;37049;1851;4198;854;1894;336;57;46239
312990 IBITIURA DE MINAS;795;169;53;5;126;16;2;1166
313000 IBITURUNA;740;51;37;1;34;1;2;866
313005 ICARAI DE MINAS;291;1214;557;8;2;33;443;2548
313010 IGARAPE;6162;562;3361;44;206;35;21;10391
313020 IGARATINGA;2006;64;643;2;28;11;3;2757
313030 IGUATAMA;2174;219;256;31;8;13;4;2705
313040 IJACI;1248;121;309;5;2;1;2;1688
313050 ILICINEA;2816;57;726;2;7;2;11;3621
313055 IMBE DE MINAS;580;82;448;77;675;44;15;1921
313060 INCONFIDENTES;1259;209;257;43;465;12;6;2251
313065 INDAIABIRA;279;72;1276;81;-;14;222;1944
313070 INDIANOPOLIS;1184;64;678;4;12;3;3;1948
313080 INGAI;479;81;229;2;3;15;-;809
313090 INHAPIM;2907;760;391;286;3037;171;66;7618
313100 INHAUMA;269;230;1131;8;8;2;4;1652
313110 INIMUTABA;934;22;1028;5;7;11;32;2039
313115 IPABA;3376;136;787;23;323;8;21;4674
313120 IPANEMA;4201;94;296;249;861;277;28;6006
313130 IPATINGA;71002;317;639;119;650;93;70;72890
313140 IPIACU;1270;27;105;3;2;2;1;1410
313150 IPUIUNA;1847;9;255;170;729;2;-;3012
313160 IRAI DE MINAS;1595;140;234;18;12;6;7;2012
313170 ITABIRA;28064;973;943;216;1308;128;79;31711
313180 ITABIRINHA;2207;40;219;229;491;36;30;3252
313190 ITABIRITO;11045;521;898;37;708;27;11;13247
313200 ITACAMBIRA;50;32;870;6;1;7;314;1280
313210 ITACARAMBI;403;1317;2420;7;3;13;207;4370
313220 ITAGUARA;2841;319;613;11;167;20;16;3987
313230 ITAIPE;1028;101;1352;10;117;9;435;3052
313240 ITAJUBA;25151;267;301;800;1338;38;22;27917
313250 ITAMARANDIBA;4956;144;3262;50;210;33;316;8971
313260 ITAMARATI DE MINAS;916;71;36;71;202;1;2;1299
313270 ITAMBACURI;2837;1048;1567;117;444;96;350;6459
313280 ITAMBE DO MATO DENTRO;304;59;152;34;83;42;19;693
313290 ITAMOGI;2559;8;824;5;2;2;2;3402
313300 ITAMONTE;2819;317;383;181;499;11;7;4217
313310 ITANHANDU;3665;72;96;136;393;7;2;4371
313320 ITANHOMI;2296;74;309;179;712;193;25;3788
313330 ITAOBIM;925;494;4010;23;76;42;571;6141
313340 ITAPAGIPE;3052;228;1059;22;14;25;2;4402
313350 ITAPECERICA;4891;220;1480;46;219;60;26;6942
313360 ITAPEVA;1526;414;668;63;58;4;4;2737
313370 ITATIAIUCU;1822;433;762;3;35;12;7;3074
313375 ITAU DE MINAS;4594;8;124;2;34;1;5;4768
313380 ITAUNA;25115;489;1005;14;20;18;8;26669
313390 ITAVERAVA;480;42;409;97;538;41;43;1650
313400 ITINGA;1412;340;1339;27;5;27;637;3787
313410 ITUETA;989;26;600;156;38;28;12;1849
313420 ITUIUTABA;30133;230;1731;23;115;40;87;32359
313430 ITUMIRIM;937;142;737;1;38;2;2;1859
313440 ITURAMA;9795;93;1160;3;9;35;17;11112
313450 ITUTINGA;463;184;621;8;3;13;19;1311
313460 JABOTICATUBAS;1865;682;2638;13;80;33;85;5396
313470 JACINTO;1671;28;1316;142;186;89;306;3738
313480 JACUI;1413;22;971;17;62;4;12;2501
313490 JACUTINGA;6012;368;418;86;216;3;8;7111
313500 JAGUARACU;623;83;27;2;137;10;6;888
313505 JAIBA;1208;559;6501;11;-;94;557;8930
313507 JAMPRUCA;630;44;301;179;240;7;89;1490
313510 JANAUBA;2309;688;14971;18;1;23;376;18386
313520 JANUARIA;2293;4491;8616;46;4;114;1841;17405
313530 JAPARAIBA;729;3;437;-;-;-;-;1169
313535 JAPONVAR;6;15;1829;20;3;33;402;2308
313540 JECEABA;728;66;605;19;237;16;12;1683
313545 JENIPAPO DE MINAS;392;158;808;21;1;18;352;1750
313550 JEQUERI;2246;88;314;502;625;175;95;4045
313560 JEQUITAI;29;14;2140;11;6;14;240;2454
313570 JEQUITIBA;339;48;1169;3;-;7;23;1589
313580 JEQUITINHONHA;2354;380;3390;55;40;127;761;7107
313590 JESUANIA;1176;23;242;16;95;3;5;1560
313600 JOAIMA;2478;60;856;57;223;62;402;4138
313610 JOANESIA;414;30;105;91;849;136;46;1671
313620 JOAO MONLEVADE;20587;57;273;97;1007;111;20;22152
313630 JOAO PINHEIRO;9921;857;2313;112;21;124;213;13561
313640 JOAQUIM FELICIO;337;2;775;9;1;14;98;1236
313650 JORDANIA;1894;21;246;243;72;252;277;3005
313652 JOSE GONCALVES DE MINAS;352;26;638;20;8;4;97;1145
313655 JOSE RAYDAN;412;15;490;33;256;37;53;1296
313657 JOSENOPOLIS;349;270;313;48;-;67;160;1207
313660 NOVA UNIAO;950;191;366;28;90;21;7;1653
313665 JUATUBA;3220;376;3141;5;53;7;6;6808
313670 JUIZ DE FORA;159667;1452;1900;858;5690;866;102;170535
313680 JURAMENTO;453;17;684;2;2;5;36;1199
313690 JURUAIA;1476;9;1147;9;171;3;4;2819
313695 JUVENILIA;8;110;1174;62;2;4;151;1511
313700 LADAINHA;772;102;2590;32;45;66;659;4266
313710 LAGAMAR;1888;44;620;62;1;10;40;2665
313720 LAGOA DA PRATA;13248;166;520;7;10;6;19;13976
313730 LAGOA DOS PATOS;11;1;1054;1;1;-;122;1190
313740 LAGOA DOURADA;2005;18;953;32;121;119;21;3269
313750 LAGOA FORMOSA;4092;23;1323;88;6;43;37;5612
313753 LAGOA GRANDE;951;72;1615;36;5;20;39;2738
313760 LAGOA SANTA;6359;2260;7036;17;25;10;27;15734
313770 LAJINHA;2500;116;481;339;2636;40;17;6129
313780 LAMBARI;4722;179;829;88;591;8;4;6421
313790 LAMIM;316;14;209;4;503;12;10;1068
313800 LARANJAL;1693;36;56;12;291;-;5;2093
313810 LASSANCE;41;34;1776;18;3;18;90;1980
313820 LAVRAS;26960;526;1049;75;276;63;29;28978
313830 LEANDRO FERREIRA;623;104;249;7;12;4;11;1010
313835 LEME DO PRADO;795;7;393;31;9;60;31;1326
313840 LEOPOLDINA;13824;539;194;672;1212;37;17;16495
313850 LIBERDADE;1190;63;224;95;67;50;22;1711
313860 LIMA DUARTE;3810;106;307;240;596;285;23;5367
313862 LIMEIRA DO OESTE;1267;175;742;29;1;58;5;2277
313865 LONTRA;12;17;2100;-;4;4;193;2330
313867 LUISBURGO;529;6;486;244;540;86;4;1895
313868 LUISLANDIA;6;4;1306;10;-;18;355;1699
313870 LUMINARIAS;1311;10;358;23;37;13;15;1767
313880 LUZ;4933;162;693;2;2;8;17;5817
313890 MACHACALIS;1649;9;310;23;64;35;87;2177
313900 MACHADO;9265;179;1461;49;492;13;10;11469
313910 MADRE DE DEUS DE MINAS;1170;12;253;20;44;14;2;1515
313920 MALACACHETA;3066;428;1522;74;99;71;149;5409
313925 MAMONAS;91;9;1808;2;-;4;65;1979
313930 MANGA;45;184;4368;16;1;15;487;5116
313940 MANHUACU;17461;438;1337;396;4279;222;53;24186
313950 MANHUMIRIM;4574;187;289;76;1565;73;11;6775
313960 MANTENA;6736;281;755;337;634;107;96;8946
313970 MARAVILHAS;1287;18;709;4;5;1;29;2053
313980 MAR DE ESPANHA;3293;66;156;55;316;1;2;3889
313990 MARIA DA FE;2563;59;36;172;1094;12;23;3959
314000 MARIANA;12182;210;408;345;2590;96;37;15868
314010 MARILAC;918;130;170;32;47;2;9;1308
314015 MARIO CAMPOS;1621;86;2134;8;12;-;9;3870
314020 MARIPA DE MINAS;538;14;12;26;295;-;1;886
314030 MARLIERIA;830;159;26;4;212;8;5;1244
314040 MARMELOPOLIS;537;13;14;16;305;17;3;905
314050 MARTINHO CAMPOS;1191;496;2351;10;5;5;16;4074
314053 MARTINS SOARES;1072;64;137;99;709;115;6;2202
314055 MATA VERDE;1607;-;376;63;20;48;111;2225
314060 MATERLANDIA;487;9;627;-;120;6;31;1280
314070 MATEUS LEME;4773;484;3148;8;115;8;26;8562
314080 MATIAS BARBOSA;2957;84;202;77;826;80;3;4229
314085 MATIAS CARDOSO;14;507;1513;17;2;23;418;2494
314090 MATIPO;3554;22;173;69;1137;36;27;5018
314100 MATO VERDE;50;11;3774;22;-;12;118;3987
314110 MATOZINHOS;6478;190;3154;11;13;13;12;9871
314120 MATUTINA;946;229;154;3;45;14;2;1393
314130 MEDEIROS;544;231;291;28;9;12;6;1121
314140 MEDINA;4010;224;1382;18;14;53;411;6112
314150 MENDES PIMENTEL;959;66;349;202;381;64;54;2075
314160 MERCES;2112;114;241;27;775;18;14;3301
314170 MESQUITA;942;116;132;39;519;28;27;1803
314180 MINAS NOVAS;1319;73;4965;90;38;67;925;7477
314190 MINDURI;969;29;85;8;34;2;1;1128
314200 MIRABELA;46;250;3222;21;-;10;193;3742
314210 MIRADOURO;1993;119;170;489;475;24;10;3280
314220 MIRAI;3500;61;30;193;334;6;5;4129
314225 MIRAVANIA;5;31;922;22;-;18;179;1177
314230 MOEDA;444;61;831;40;68;29;6;1479
314240 MOEMA;1602;4;655;1;-;2;7;2271
314250 MONJOLOS;1;19;621;1;1;10;32;685
314260 MONSENHOR PAULO;1919;101;431;39;21;5;3;2519
314270 MONTALVANIA;113;229;3421;31;1;149;454;4398
314280 MONTE ALEGRE DE MINAS;4845;93;1543;37;26;135;27;6706
314290 MONTE AZUL;565;97;5830;10;65;144;229;6940
314300 MONTE BELO;2711;180;1188;5;23;7;8;4122
314310 MONTE CARMELO;12872;479;1486;30;25;19;42;14953
314315 MONTE FORMOSO;406;23;555;6;82;7;144;1223
314320 MONTE SANTO DE MINAS;5575;561;889;23;29;15;-;7092
314330 MONTES CLAROS;94669;2125;6134;117;78;129;776;104028
314340 MONTE SIAO;5274;682;501;14;407;6;10;6894
314345 MONTEZUMA;509;17;997;6;-;7;357;1893
314350 MORADA NOVA DE MINAS;32;38;2678;10;-;7;24;2789
314360 MORRO DA GARCA;326;11;447;5;-;9;10;808
314370 MORRO DO PILAR;441;81;343;56;71;36;41;1069
314380 MUNHOZ;817;134;442;59;474;6;14;1946
314390 MURIAE;28800;399;410;522;2522;127;30;32810
314400 MUTUM;3909;157;2082;757;1316;219;61;8501
314410 MUZAMBINHO;5014;466;933;44;95;6;2;6560
314420 NACIP RAYDAN;550;4;232;25;55;14;29;909
314430 NANUQUE;9545;681;1094;504;694;186;177;12881
314435 NAQUE;1452;9;191;1;143;22;12;1830
314437 NATALANDIA;571;10;405;6;-;12;38;1042
314440 NATERCIA;785;15;71;50;640;4;4;1569
314450 NAZARENO;1626;41;733;7;20;6;14;2447
314460 NEPOMUCENO;6034;251;1355;24;123;25;29;7841
314465 NINHEIRA;149;223;1648;97;1;64;406;2588
314467 NOVA BELEM;368;159;235;80;233;15;84;1174
314470 NOVA ERA;4325;49;73;4;661;67;22;5201
314480 NOVA LIMA;19177;3617;920;71;352;48;18;24203
314490 NOVA MODICA;544;85;74;115;264;58;27;1167
314500 NOVA PONTE;3340;47;529;18;8;5;6;3953
314505 NOVA PORTEIRINHA;484;17;1458;6;-;2;56;2023
314510 NOVA RESENDE;1583;796;2456;20;15;41;7;4918
314520 NOVA SERRANA;20261;229;984;82;292;25;19;21892
314530 NOVO CRUZEIRO;2055;773;2411;358;349;170;1828;7944
314535 NOVO ORIENTE DE MINAS;1207;9;995;49;214;32;505;3011
314537 NOVORIZONTE;11;52;1283;13;-;15;44;1418
314540 OLARIA;344;13;39;140;107;21;6;670
314545 OLHOS-D'AGUA;24;227;1028;89;-;9;102;1479
314550 OLIMPIO NORONHA;741;8;35;-;10;2;2;798
314560 OLIVEIRA;10434;394;736;48;326;49;49;12036
314570 OLIVEIRA FORTES;305;3;61;55;200;31;10;665
314580 ONCA DE PITANGUI;294;356;252;6;8;6;5;927
314585 ORATORIOS;896;21;84;5;154;120;4;1284
314587 ORIZANIA;665;70;328;335;742;52;8;2200
314590 OURO BRANCO;8901;524;763;13;153;11;15;10380
314600 OURO FINO;7491;360;817;141;1584;25;22;10440
314610 OURO PRETO;14930;494;1930;266;2399;252;64;20335
314620 OURO VERDE DE MINAS;943;178;391;4;73;5;103;1697
314625 PADRE CARVALHO;4;16;1150;1;1;3;229;1404
314630 PADRE PARAISO;2872;327;1301;18;259;19;193;4989
314640 PAINEIRAS;9;4;1580;8;1;17;44;1663
314650 PAINS;2111;179;258;11;66;8;2;2635
314655 PAI PEDRO;3;16;1285;5;-;16;310;1635
314660 PAIVA;277;4;7;17;217;1;1;524
314670 PALMA;1535;55;136;213;114;-;-;2053
314675 PALMOPOLIS;774;10;514;212;316;18;224;2068
314690 PAPAGAIOS;1086;112;2765;12;4;34;10;4023
314700 PARACATU;17312;1543;4406;87;88;120;255;23811
314710 PARA DE MINAS;23553;486;1324;10;56;29;22;25480
314720 PARAGUACU;5046;157;1020;14;27;11;5;6280
314730 PARAISOPOLIS;5195;137;514;193;313;10;4;6366
314740 PARAOPEBA;4856;332;1361;11;8;10;93;6671
314750 PASSABEM;208;11;28;13;280;5;12;557
314760 PASSA QUATRO;3619;63;111;74;911;7;12;4797
314770 PASSA TEMPO;1936;43;615;33;58;19;9;2713
314780 PASSA-VINTE;415;5;83;101;65;15;12;696
314790 PASSOS;31370;817;933;28;82;20;19;33269
314795 PATIS;16;10;1226;6;-;5;258;1521
314800 PATOS DE MINAS;41236;321;3403;228;183;134;116;45621
314810 PATROCINIO;21040;1078;3091;26;37;41;68;25381
314820 PATROCINIO DO MURIAE;1356;68;67;167;111;25;2;1796
314830 PAULA CANDIDO;1462;57;341;27;755;8;24;2674
314840 PAULISTAS;538;119;454;32;135;19;34;1331
314850 PAVAO;1503;36;584;56;95;25;177;2476
314860 PECANHA;1666;50;2457;91;196;49;377;4886
314870 PEDRA AZUL;4692;35;1346;92;25;68;285;6543
314875 PEDRA BONITA;504;58;428;175;520;58;34;1777
314880 PEDRA DO ANTA;704;40;73;13;221;21;10;1082
314890 PEDRA DO INDAIA;785;6;450;19;35;4;24;1323
314900 PEDRA DOURADA;435;73;96;27;39;6;2;678
314910 PEDRALVA;1675;88;131;142;1306;48;13;3403
314915 PEDRAS DE MARIA DA CRUZ;16;121;2300;12;-;23;249;2721
314920 PEDRINOPOLIS;926;10;187;5;1;5;1;1135
314930 PEDRO LEOPOLDO;10827;952;5272;41;340;55;23;17510
314940 PEDRO TEIXEIRA;182;16;14;-;365;5;4;586
314950 PEQUERI;758;8;40;4;233;1;-;1044
314960 PEQUI;361;29;933;3;2;-;3;1331
314970 PERDIGAO;2207;246;262;-;4;1;4;2724
314980 PERDIZES;2972;224;1130;37;29;8;24;4424
314990 PERDOES;5465;293;255;15;236;62;12;6338
314995 PERIQUITO;1296;158;230;20;268;16;23;2011
315000 PESCADOR;810;19;110;57;110;29;27;1162
315010 PIAU;507;34;67;80;230;19;1;938
315015 PIEDADE DE CARATINGA;1441;396;115;4;176;8;2;2142
315020 PIEDADE DE PONTE NOVA;953;6;32;4;90;59;6;1150
315030 PIEDADE DO RIO GRANDE;787;27;646;23;81;20;30;1614
315040 PIEDADE DOS GERAIS;2;31;1474;6;7;10;26;1556
315050 PIMENTA;2079;336;289;5;1;1;8;2719
315053 PINGO-D'AGUA;1157;5;121;2;12;2;2;1301
315057 PINTOPOLIS;6;289;1119;6;1;6;431;1858
315060 PIRACEMA;952;59;920;60;83;21;22;2117
315070 PIRAJUBA;1309;15;154;1;21;3;3;1506
315080 PIRANGA;1396;113;830;553;1539;68;81;4580
315090 PIRANGUCU;765;56;342;184;250;4;8;1609
315100 PIRANGUINHO;1367;91;465;70;398;14;3;2408
315110 PIRAPETINGA;2995;42;60;312;65;11;5;3490
315120 PIRAPORA;2446;397;12048;40;14;65;98;15108
315130 PIRAUBA;2741;196;251;5;269;3;5;3470
315140 PITANGUI;6552;469;265;21;243;39;30;7619
315150 PIUMHI;9325;538;732;7;20;3;21;10646
315160 PLANURA;3032;98;141;-;2;7;2;3282
315170 POCO FUNDO;2852;153;1574;155;359;18;6;5117
315180 POCOS DE CALDAS;49029;561;432;79;341;23;17;50482
315190 POCRANE;1631;115;209;198;399;412;47;3011
315200 POMPEU;5947;343;2078;12;27;26;75;8508
315210 PONTE NOVA;14923;244;292;116;1690;354;37;17656
315213 PONTO CHIQUE;4;257;682;9;1;20;130;1103
315217 PONTO DOS VOLANTES;187;149;2106;18;117;10;476;3063
315220 PORTEIRINHA;1862;268;7870;127;4;102;763;10996
315230 PORTO FIRME;1313;43;692;20;760;30;8;2866
315240 POTE;1584;45;2457;58;92;63;252;4551
315250 POUSO ALEGRE;36137;1065;2515;183;406;24;48;40378
315260 POUSO ALTO;955;42;114;176;690;1;5;1983
315270 PRADOS;2018;84;375;18;67;13;10;2585
315280 PRATA;6150;197;1674;64;87;17;29;8218
315290 PRATAPOLIS;2604;131;252;13;68;1;-;3069
315300 PRATINHA;607;88;351;54;11;11;13;1135
315310 PRESIDENTE BERNARDES;597;147;222;21;594;7;13;1601
315320 PRESIDENTE JUSCELINO;444;18;606;8;-;18;83;1177
315330 PRESIDENTE KUBITSCHEK;518;49;103;12;60;11;7;760
315340 PRESIDENTE OLEGARIO;3873;57;2121;43;50;46;132;6322
315350 ALTO JEQUITIBA;1265;51;352;82;970;12;1;2733
315360 PRUDENTE DE MORAIS;819;587;1285;1;5;1;3;2701
315370 QUARTEL GERAL;26;437;611;8;10;12;10;1114
315380 QUELUZITO;270;27;217;11;71;5;1;602
315390 RAPOSOS;3699;25;81;22;514;37;1;4379
315400 RAUL SOARES;4228;152;644;158;2099;356;78;7715
315410 RECREIO;2801;40;98;354;189;22;4;3508
315415 REDUTO;1134;36;117;226;382;55;3;1953
315420 RESENDE COSTA;261;1079;2045;31;52;17;13;3498
315430 RESPLENDOR;3898;279;502;472;296;272;43;5762
315440 RESSAQUINHA;389;16;320;23;664;18;4;1434
315445 RIACHINHO;8;101;1955;15;-;15;243;2337
315450 RIACHO DOS MACHADOS;447;33;1327;38;3;59;402;2309
315460 RIBEIRAO DAS NEVES;60811;2861;14078;1280;4620;1383;102;85135
315470 RIBEIRAO VERMELHO;1108;40;52;5;4;5;-;1214
315480 RIO ACIMA;2039;151;227;3;195;11;5;2631
315490 RIO CASCA;3190;111;128;185;594;52;23;4283
315500 RIO DOCE;573;13;16;18;150;-;5;775
315510 RIO DO PRADO;851;9;351;49;53;39;193;1545
315520 RIO ESPERA;518;52;370;13;782;73;22;1830
315530 RIO MANSO;26;28;1598;8;16;3;10;1689
315540 RIO NOVO;2310;100;86;60;218;23;7;2804
315550 RIO PARANAIBA;2263;423;1031;79;14;36;21;3867
315560 RIO PARDO DE MINAS;462;238;5645;155;16;195;833;7544
315570 RIO PIRACICABA;3144;36;116;35;960;57;11;4359
315580 RIO POMBA;4486;46;349;81;479;30;7;5478
315590 RIO PRETO;1197;85;61;240;152;9;6;1750
315600 RIO VERMELHO;1173;207;1912;24;92;63;302;3773
315610 RITAPOLIS;131;410;1034;8;53;42;12;1690
315620 ROCHEDO DE MINAS;518;20;1;12;150;1;1;703
315630 RODEIRO;1805;30;25;120;59;2;4;2045
315640 ROMARIA;853;40;234;5;-;2;3;1137
315645 ROSARIO DA LIMEIRA;752;16;135;78;365;70;4;1420
315650 RUBELITA;387;218;1015;51;38;81;445;2235
315660 RUBIM;2012;10;600;88;86;80;186;3062
315670 SABARA;31282;1005;2109;821;945;223;94;36479
315680 SABINOPOLIS;2209;190;977;64;875;105;234;4654
315690 SACRAMENTO;6094;432;986;34;23;17;23;7609
315700 SALINAS;7051;657;3253;175;156;72;429;11793
315710 SALTO DA DIVISA;1124;49;417;157;51;71;111;1980
315720 SANTA BARBARA;6672;147;643;45;342;122;19;7990
315725 SANTA BARBARA DO LESTE;865;15;526;58;857;27;11;2359
315727 SANTA BARBARA DO MONTE VERDE;531;43;45;145;170;7;3;944
315730 SANTA BARBARA DO TUGURIO;566;92;72;109;496;31;19;1385
315733 SANTA CRUZ DE MINAS;2479;-;22;1;11;3;4;2520
315737 SANTA CRUZ DE SALINAS;352;12;584;4;-;20;308;1280
315740 SANTA CRUZ DO ESCALVADO;566;125;245;14;506;100;14;1570
315750 SANTA EFIGENIA DE MINAS;678;9;168;28;385;14;41;1323
315760 SANTA FE DE MINAS;4;8;805;2;-;2;331;1152
315765 SANTA HELENA DE MINAS;715;3;611;14;68;25;174;1610
315770 SANTA JULIANA;2909;336;146;22;13;10;9;3445
315780 SANTA LUZIA;48094;1524;5867;990;1333;471;53;58332
315790 SANTA MARGARIDA;2080;183;412;183;1359;78;23;4318
315800 SANTA MARIA DE ITABIRA;1567;96;140;7;845;184;29;2868
315810 SANTA MARIA DO SALTO;947;23;242;123;46;20;195;1596
315820 SANTA MARIA DO SUACUI;2142;186;899;31;556;40;213;4067
315830 SANTANA DA VARGEM;1606;19;503;18;36;18;1;2201
315840 SANTANA DE CATAGUASES;964;63;6;16;162;1;-;1212
315850 SANTANA DE PIRAPAMA;849;38;1291;27;12;17;286;2520
315860 SANTANA DO DESERTO;762;15;91;3;290;2;5;1168
315870 SANTANA DO GARAMBEU;461;-;107;31;28;24;8;659
315880 SANTANA DO JACARE;1391;-;57;2;23;30;-;1503
315890 SANTANA DO MANHUACU;1215;82;133;397;684;7;27;2545
315895 SANTANA DO PARAISO;5826;287;651;109;954;43;21;7891
315900 SANTANA DO RIACHO;10;481;775;2;1;10;8;1287
315910 SANTANA DOS MONTES;547;7;213;9;335;19;15;1145
315920 SANTA RITA DE CALDAS;1728;206;302;267;497;112;1;3113
315930 SANTA RITA DE JACUTINGA;1421;35;27;112;162;6;8;1771
315935 SANTA RITA DE MINAS;1310;94;63;21;531;10;5;2034
315940 SANTA RITA DE IBITIPOCA;672;20;73;26;253;18;35;1097
315950 SANTA RITA DO ITUETO;487;140;441;91;597;16;15;1787
315960 SANTA RITA DO SAPUCAI;9487;306;739;210;427;79;7;11255
315970 SANTA ROSA DA SERRA;571;4;468;3;7;6;6;1065
315980 SANTA VITORIA;4831;368;813;24;26;23;18;6103
315990 SANTO ANTONIO DO AMPARO;4176;143;635;2;74;4;4;5038
316000 SANTO ANTONIO DO AVENTUREIRO;176;9;42;72;902;1;2;1204
316010 SANTO ANTONIO DO GRAMA;932;65;37;5;192;4;3;1238
316020 SANTO ANTONIO DO ITAMBE;250;151;453;16;68;68;69;1075
316030 SANTO ANTONIO DO JACINTO;1487;41;543;550;256;103;594;3574
316040 SANTO ANTONIO DO MONTE;7112;179;929;34;56;36;12;8358
316045 SANTO ANTONIO DO RETIRO;427;83;881;30;7;47;323;1798
316050 SANTO ANTONIO DO RIO ABAIXO;152;23;69;14;186;76;12;532
316060 SANTO HIPOLITO;69;57;832;7;2;26;43;1036
316070 SANTOS DUMONT;10202;102;111;63;3981;196;27;14682
316080 SAO BENTO ABADE;1190;6;81;12;8;14;3;1314
316090 SAO BRAS DO SUACUI;26;511;543;6;3;11;3;1103
316095 SAO DOMINGOS DAS DORES;740;276;182;14;344;2;3;1561
316100 SAO DOMINGOS DO PRATA;2878;22;537;129;1754;18;18;5356
316105 SAO FELIX DE MINAS;530;29;80;77;264;45;28;1053
316110 SAO FRANCISCO;1775;563;9175;172;2;30;1787;13504
316120 SAO FRANCISCO DE PAULA;1319;333;246;31;19;8;20;1976
316130 SAO FRANCISCO DE SALES;1367;115;535;6;2;13;3;2041
316140 SAO FRANCISCO DO GLORIA;1017;22;89;93;274;113;6;1614
316150 SAO GERALDO;2265;38;219;25;628;12;34;3221
316160 SAO GERALDO DA PIEDADE;610;14;215;1;373;15;11;1239
316165 SAO GERALDO DO BAIXIO;676;31;195;52;111;67;13;1145
316170 SAO GONCALO DO ABAETE;1138;29;583;81;25;97;59;2012
316180 SAO GONCALO DO PARA;2398;22;889;3;8;7;5;3332
316190 SAO GONCALO DO RIO ABAIXO;1692;144;236;10;588;74;8;2752
316200 SAO GONCALO DO SAPUCAI;5996;168;705;47;160;41;13;7130
316210 SAO GOTARDO;7853;222;1776;39;86;16;13;10005
316220 SAO JOAO BATISTA DO GLORIA;1856;9;396;10;4;3;2;2280
316225 SAO JOAO DA LAGOA;1;6;1242;32;-;17;144;1442
316230 SAO JOAO DA MATA;581;97;151;-;68;-;6;903
316240 SAO JOAO DA PONTE;80;37;5655;12;-;74;737;6595
316245 SAO JOAO DAS MISSOES;6;62;1527;4;-;457;485;2541
316250 SAO JOAO DEL REI;22811;793;2029;151;1400;104;25;27313
316255 SAO JOAO DO MANHUACU;1333;272;372;256;793;18;2;3046
316257 SAO JOAO DO MANTENINHA;1456;64;39;34;82;18;11;1704
316260 SAO JOAO DO ORIENTE;1895;35;79;84;384;34;13;2524
316265 SAO JOAO DO PACUI;3;29;822;28;-;15;245;1142
316270 SAO JOAO DO PARAISO;1049;102;3802;145;5;164;759;6026
316280 SAO JOAO EVANGELISTA;2639;315;993;67;367;69;108;4558
316290 SAO JOAO NEPOMUCENO;7235;154;199;123;525;20;6;8262
316292 SAO JOAQUIM DE BICAS;3111;1667;1830;17;112;37;25;6799
316294 SAO JOSE DA BARRA;1437;373;232;-;3;-;2;2047
316295 SAO JOSE DA LAPA;3751;866;879;10;91;36;14;5647
316300 SAO JOSE DA SAFIRA;740;34;172;27;113;32;45;1163
316310 SAO JOSE DA VARGINHA;284;402;598;8;4;5;4;1305
316320 SAO JOSE DO ALEGRE;900;9;80;7;271;-;1;1268
316330 SAO JOSE DO DIVINO;754;191;29;41;89;5;43;1152
316340 SAO JOSE DO GOIABAL;1206;82;100;24;274;29;16;1731
316350 SAO JOSE DO JACURI;696;10;801;50;193;11;101;1862
316360 SAO JOSE DO MANTIMENTO;471;207;10;40;60;-;-;788
316370 SAO LOURENCO;13116;43;110;21;362;7;8;13667
316380 SAO MIGUEL DO ANTA;995;26;89;10;815;117;6;2058
316390 SAO PEDRO DA UNIAO;1056;1;467;43;177;3;1;1748
316400 SAO PEDRO DOS FERROS;1968;128;22;38;318;52;11;2537
316410 SAO PEDRO DO SUACUI;609;170;386;24;371;16;77;1653
316420 SAO ROMAO;82;374;1654;10;-;17;303;2440
316430 SAO ROQUE DE MINAS;1258;210;655;76;20;18;46;2283
316440 SAO SEBASTIAO DA BELA VISTA;916;16;366;39;201;5;1;1544
316443 SAO SEBASTIAO DA VARGEM ALEGRE;453;4;16;62;378;16;3;932
316447 SAO SEBASTIAO DO ANTA;1005;101;99;37;418;47;5;1712
316450 SAO SEBASTIAO DO MARANHAO;778;112;1634;63;118;31;184;2920
316460 SAO SEBASTIAO DO OESTE;870;368;599;1;1;3;2;1844
316470 SAO SEBASTIAO DO PARAISO;19093;1101;446;22;32;24;18;20736
316480 SAO SEBASTIAO DO RIO PRETO;58;22;30;48;340;5;12;515
316490 SAO SEBASTIAO DO RIO VERDE;520;7;21;8;120;4;2;682
316500 SAO TIAGO;1998;386;870;4;43;12;8;3321
316510 SAO TOMAS DE AQUINO;1776;1;450;21;11;1;5;2265
316520 SAO THOME DAS LETRAS;1373;323;309;12;81;17;15;2130
316530 SAO VICENTE DE MINAS;1781;5;220;23;19;3;2;2053
316540 SAPUCAI-MIRIM;1155;224;317;7;273;10;4;1990
316550 SARDOA;400;13;703;30;292;4;49;1491
316553 SARZEDO;6055;228;741;4;285;22;4;7339
316555 SETUBINHA;375;89;1184;153;10;231;508;2550
316556 SEM-PEIXE;419;1;109;45;288;51;17;930
316557 SENADOR AMARAL;896;109;340;77;118;18;20;1578
316560 SENADOR CORTES;429;12;25;29;135;-;1;631
316570 SENADOR FIRMINO;1124;56;226;6;873;2;1;2288
316580 SENADOR JOSE BENTO;230;3;292;17;86;1;-;629
316590 SENADOR MODESTINO GONCALVES;509;138;413;15;20;8;215;1318
316600 SENHORA DE OLIVEIRA;1078;1;114;4;432;2;6;1637
316610 SENHORA DO PORTO;356;75;129;36;324;32;81;1033
316620 SENHORA DOS REMEDIOS;1617;36;715;74;520;12;14;2988
316630 SERICITA;938;42;334;63;681;21;25;2104
316640 SERITINGA;453;10;49;4;39;15;6;576
316650 SERRA AZUL DE MINAS;398;61;493;57;38;7;64;1118
316660 SERRA DA SAUDADE;152;2;118;13;-;4;-;289
316670 SERRA DOS AIMORES;476;72;1652;389;16;26;44;2675
316680 SERRA DO SALITRE;2258;40;899;22;20;17;13;3269
316690 SERRANIA;1889;212;70;3;54;-;-;2228
316695 SERRANOPOLIS DE MINAS;-;5;1030;3;-;1;247;1286
316700 SERRANOS;434;3;90;13;45;48;2;635
316710 SERRO;2113;122;2737;41;204;32;377;5626
316720 SETE LAGOAS;58810;415;3266;80;266;87;187;63111
316730 SILVEIRANIA;439;58;15;14;206;3;1;736
316740 SILVIANOPOLIS;1107;673;73;27;95;2;6;1983
316750 SIMAO PEREIRA;583;24;114;6;24;-;4;755
316760 SIMONESIA;1945;169;1289;395;1262;319;51;5430
316770 SOBRALIA;1047;18;184;95;387;85;12;1828
316780 SOLEDADE DE MINAS;1074;56;358;16;295;26;11;1836
316790 TABULEIRO;1021;27;12;53;238;2;2;1355
316800 TAIOBEIRAS;591;844;7247;50;4;80;92;8908
316805 TAPARUBA;650;5;238;17;131;42;10;1093
316810 TAPIRA;735;104;312;19;39;72;7;1288
316820 TAPIRAI;334;91;207;9;9;4;10;664
316830 TAQUARACU DE MINAS;345;152;570;35;22;18;20;1162
316840 TARUMIRIM;2054;298;415;588;1003;121;44;4523
316850 TEIXEIRAS;2314;240;235;4;835;7;12;3647
316860 TEOFILO OTONI;29694;1674;5166;600;2006;238;1053;40431
316870 TIMOTEO;22809;132;485;32;949;78;35;24520
316880 TIRADENTES;1674;206;276;7;126;7;7;2303
316890 TIROS;1650;218;426;52;134;8;20;2508
316900 TOCANTINS;3979;120;354;153;416;22;14;5058
316905 TOCOS DO MOJI;433;2;165;147;471;39;6;1263
316910 TOLEDO;818;22;620;88;233;6;41;1828
316920 TOMBOS;2149;97;226;97;569;18;1;3157
316930 TRES CORACOES;19019;809;932;156;433;161;40;21550
316935 TRES MARIAS;6831;567;1118;13;158;64;43;8794
316940 TRES PONTAS;13888;192;1731;38;140;39;15;16043
316950 TUMIRITINGA;583;103;800;94;261;71;55;1967
316960 TUPACIGUARA;7334;184;663;12;25;12;7;8237
316970 TURMALINA;3092;124;1912;21;7;23;139;5318
316980 TURVOLANDIA;818;96;500;33;25;1;7;1480
316990 UBA;27740;564;470;67;3192;92;34;32159
317000 UBAI;15;14;2373;4;1;54;536;2997
317005 UBAPORANGA;1728;204;574;138;987;46;11;3688
317010 UBERABA;93044;886;2609;40;103;45;72;96799
317020 UBERLANDIA;189008;3222;3342;30;40;60;105;195807
317030 UMBURATIBA;567;7;160;26;23;22;33;838
317040 UNAI;17277;1781;4503;63;8;219;372;24223
317043 UNIAO DE MINAS;909;200;392;14;1;9;7;1532
317047 URUANA DE MINAS;16;87;850;1;3;10;65;1032
317050 URUCANIA;2331;128;83;44;52;221;19;2878
317052 URUCUIA;260;87;2001;4;-;16;694;3062
317057 VARGEM ALEGRE;1491;-;151;198;146;35;17;2038
317060 VARGEM BONITA;534;116;120;17;5;1;5;798
317065 VARGEM GRANDE DO RIO PARDO;8;8;1102;-;-;7;61;1186
317070 VARGINHA;36110;592;712;18;71;15;28;37546
317075 VARJAO DE MINAS;1459;9;425;6;3;21;14;1937
317080 VARZEA DA PALMA;1143;127;9049;41;-;105;294;10759
317090 VARZELANDIA;522;141;3531;19;4;100;525;4842
317100 VAZANTE;5239;137;863;16;81;46;63;6445
317103 VERDELANDIA;333;96;1287;8;2;41;351;2118
317107 VEREDINHA;941;10;620;2;1;9;53;1636
317110 VERISSIMO;625;74;324;56;9;4;9;1101
317115 VERMELHO NOVO;502;18;300;87;527;1;20;1455
317120 VESPASIANO;24294;2844;1976;249;269;113;45;29790
317130 VICOSA;19658;563;506;70;1846;48;36;22727
317140 VIEIRAS;595;16;139;95;316;1;2;1164
317150 MATHIAS LOBATO;733;74;29;14;130;3;7;990
317160 VIRGEM DA LAPA;1585;86;1451;115;33;100;581;3951
317170 VIRGINIA;1395;30;99;71;985;34;23;2637
317180 VIRGINOPOLIS;1586;28;526;75;715;5;53;2988
317190 VIRGOLANDIA;1069;157;222;49;96;62;109;1764
317200 VISCONDE DO RIO BRANCO;10114;261;513;186;912;114;34;12134
317210 VOLTA GRANDE;1086;12;53;112;202;69;1;1535
317220 WENCESLAU BRAZ;123;19;16;4;619;2;-;783
Total;4543436;195260;830492;66027;276391;40889;75728;6028223
